locality,price
Aalbeke,559666.6666666666
Aalst,340686.3152173913
Aalter,557599.6
Aarschot,389636.25
Aarsele,388785.71428571426
Aartrijke,239000.0
Aartselaar,769333.3333333334
Achel,259000.0
Achet,338248.0
Achêne,384923.0
Acoz,381097.25
Adegem,452136.36363636365
Affligem,434039.9259259259
Afsnee,195000.0
Agimont,196268.0
Aische-en-Refail,272500.0
Aiseau,432527.1666666667
Aiseau-Presles,229000.0
Aisemont,524000.0
Alken,301500.0
Alle,239000.0
Alleur,303126.54545454547
Alsemberg,773333.3333333334
Alveringem,192000.0
Amay,218522.03846153847
Ambly,165666.66666666666
Amel,470000.0
Andenne,323299.8888888889
Anderlecht,305146.8253968254
Anderlues,257405.41176470587
Andrimont,224346.15384615384
Angleur,355283.3333333333
Angre,131666.66666666666
Angreau,300000.0
Anhée,417899.0
Ans,218972.72727272726
Anseremme,322800.0
Anseroeul,369000.0
Antheit,272333.3333333333
Anthisnes,322600.0
Antoing,284784.0
Antwerp,373084.8915662651
Anvaing,204800.0
Anzegem,575026.6153846154
Appels,368020.6666666667
Appelterre-Eichem,475000.0
Archennes,474500.0
Ardooie,259000.0
Arendonk,381333.3333333333
Argenteau,265000.0
Arlon,360457.6271186441
Arquennes,448723.5714285714
Arsimont,292166.6666666667
As,471000.0
Asper,797668.0
Asse,442868.13333333336
Assebroek,313166.6666666667
Assenede,595000.0
Assesse,373290.5
Astene,450457.0
Ath,264468.4210526316
Athus,325833.3333333333
Attert,317500.0
Attre,303333.3333333333
Aubange,322083.3333333333
Auby-sur-Semois,750000.0
Aulnois,314377.5
Autre-Église,440000.0
Auvelais,282999.77777777775
Avelgem,434750.0
Averbode,314166.6666666667
Avin,430000.0
Awans,260625.0
Awenne,109000.0
Awirs,274500.0
Aye,138000.0
Ayeneux,425000.0
Aywaille,272156.1379310345
Baal,699000.0
Baardegem,401500.0
Baarle-Hertog,325000.0
Baelen,365725.0
Baileux,795000.0
Bailleul,305593.6666666667
Baillonville,310000.0
Baisieux,490000.0
Baisy-Thy,863333.3333333334
Balen,351888.8888888889
Balâtre,448333.3333333333
Bande,337500.0
Barbençon,356751.0
Barchon,257666.66666666666
Baronville,455000.0
Barvaux-sur-Ourthe,942500.0
Bas-Oha,650000.0
Bas-Warneton,319900.0
Bassenge,314800.0
Bassilly,352500.0
Bastogne,316666.6666666667
Basècles,226333.33333333334
Battice,450000.0
Baudour,221194.16666666666
Baulers,500000.0
Bavegem,308225.0
Bavikhove,677008.25
Bazel,486000.0
Beaufays,385600.0
Beaumont,322555.1666666667
Beauraing,271409.0833333333
Beausaint,227000.0
Beauvechain,636875.0
Beauwelz,328426.0
Beclers,289000.0
Beerlegem,542712.0
Beernem,485000.0
Beerse,552788.8421052631
Beersel,542777.9166666666
Beert,545000.0
Beervelde,1112500.0
Beerzel,431573.1176470588
Beez,407022.0
Beffe,110000.0
Begijnendijk,452311.8
Beigem,450000.0
Bekegem,325000.0
Bekkevoort,529000.0
Belgrade,395444.44444444444
Bellecourt,346099.0
Bellefontaine,430000.0
Bellegem,230000.0
Bellevaux-Ligneuville,371800.0
Beloeil,281363.1666666667
Belsele,485508.375
Ben-Ahin,230000.0
Bende,390000.0
Berchem,332886.36363636365
Berchem-Sainte-Agathe,342737.5
Berg,599000.0
Bergilers,399000.0
Beringen,388065.8181818182
Berlaar,408583.4117647059
Berlare,445291.3846153846
Berloz,728301.5
Berneau,115000.0
Bernissart,278837.2
Bersillies-l'Abbaye,140000.0
Bertrix,346946.1538461539
Berzée,155000.0
Bettincourt,249000.0
Beuzet,299000.0
Bevel,265000.0
Bever,407521.1666666667
Bevercé,385000.0
Bevere,403438.0
Beveren,376208.3333333333
Beveren-Aan-Den-Ijzer,350000.0
Beveren-Leie,220000.0
Beverlo,335125.0
Beverst,454485.5714285714
Beyne-Heusay,246227.27272727274
Bierbeek,871666.6666666666
Bierges,668800.0
Bierghes,250000.0
Bierwart,339000.0
Biesme,290750.0
Biesme-sous-Thuin,267000.0
Bilzen,262000.0
Binche,240899.6
Bizet,269500.0
Bièvre,367125.0
Blandain,365575.8888888889
Blankenberge,315872.7272727273
Blaton,267833.3333333333
Blaugies,268000.0
Bleid,269333.3333333333
Blégny,474125.0
Bléharies,405510.0
Bocholt,358000.0
Boechout,658301.75
Bohan,159000.0
Boignée,399000.0
Boirs,340000.0
Bois-d'Haine,247100.0
Bois-de-Villers,249000.0
Bois-et-Borsu,275000.0
Bolland,370000.0
Bon-Secours,166166.66666666666
Boncelles,341375.0
Bonheiden,794600.2
Bonlez,575000.0
Bonneville,275000.0
Bonsin,325000.0
Booischot,335112.5
Boom,290550.0
Borgerhout,253956.0
Borgloon,317200.0
Bornem,727425.5714285715
Borsbeek,311933.3333333333
Borsbeke,355400.0
Bossut-Gottechain,357500.0
Bost,229000.0
Bottelare,450000.0
Bouffioulx,243325.15384615384
Bouge,369250.0
Bouillon,279142.85714285716
Bourlers,97000.0
Boussoit,370023.3333333333
Boussu,257653.14285714287
Boussu-en-Fagne,300000.0
Boussu-lez-Walcourt,275000.0
Bousval,245000.0
Boutersem,549000.0
Bouvignies,115000.0
Bovesse,180000.0
Braine-l'Alleud,562686.5384615385
Braine-le-Château,612300.0
Braine-le-Comte,327390.9090909091
Braives,433437.4
Brakel,652799.6818181818
Brasmenil,295300.44444444444
Brasschaat,507307.22222222225
Bray,260541.16666666666
Brecht,439259.22222222225
Bredene,269557.14285714284
Bree,398000.0
Breendonk,312500.0
Bressoux,159500.0
Brielen,325000.0
Broechem,518279.5
Brugelette,435000.0
Brugge,451290.0
Brunehaut,321395.3333333333
Brussegem,434500.0
Brussels,538851.7131474103
Bruyelle,266800.0
Budingen,339000.0
Buggenhout,450195.875
Buissenal,388333.3333333333
Buizingen,306333.3333333333
Burcht,392777.77777777775
Burdinne,405085.85714285716
Bure,292666.6666666667
Burg-Reuland,287500.0
Büllingen,254000.0
Bütgenbach,378125.0
Cambron-Saint-Vincent,690000.0
Carnières,229555.44444444444
Casteau,830000.0
Celles,382441.9
Cerfontaine,270075.0
Champion,445000.0
Chapelle-lez-Herlaimont,214136.36363636365
Chapelle-à-Wattines,350000.0
Charleroi,196768.75555555554
Charneux,378333.3333333333
Chastre,399795.3
Chastre-Villeroux-Blanmont,627500.0
Chastrès,317000.0
Chaudfontaine,324000.0
Chaumont-Gistoux,625189.45
Chaussée-Notre-Dame-Louvignies,589500.0
Cheratte,394978.2
Chercq,428000.0
Chevron,449000.0
Chimay,246488.88888888888
Chiny,585000.0
Chièvres,425764.3333333333
Châtelet,219703.37931034484
Châtelineau,189783.94736842104
Châtillon,287000.0
Chênée,197188.8148148148
Ciergnon,279000.0
Ciney,322071.0416666667
Ciply,234000.0
Clabecq,328333.3333333333
Clavier,448308.0
Clermont,159500.0
Colfontaine,175090.47619047618
Comblain-Fairon,210000.0
Comblain-au-Pont,248958.33333333334
Comines,336560.0
Comines-Warneton,168333.33333333334
Corbais,328333.3333333333
Corbion,285666.6666666667
Cornesse,235000.0
Corroy-le-Grand,359750.0
Cortil-Noirmont,422500.0
Couillet,236916.5
Cour-sur-Heure,176000.0
Courcelles,207232.06666666668
Courrière,275000.0
Court-Saint-Étienne,404195.0
Couthuin,365136.22222222225
Couvin,363527.7272727273
Cras-Avernas,240000.0
Crisnée,435094.2
Crombach,307147.3333333333
Cuesmes,164666.66666666666
Cul-des-Sarts,207000.0
Céroux-Mousty,555000.0
Dadizele,239000.0
Dailly,449000.0
Dalhem,447250.0
Damme,842500.0
Dampicourt,237500.0
Dampremy,140000.0
Daussois,200000.0
Dave,321545.45454545453
Daverdisse,264600.0
De Haan,328000.0
De Klinge,333250.0
De Panne,320244.9
De Pinte,406803.4
Deerlijk,359683.9166666667
Deftinge,468721.4
Deinze,413868.18518518517
Denderhoutem,369963.5
Denderleeuw,370678.05
Dendermonde,347141.1
Denderwindeke,380250.0
Dentergem,324500.0
Denée,1850000.0
Dergneau,140000.0
Dessel,316000.0
Desselgem,394239.0
Destelbergen,574500.0
Desteldonk,446000.0
Deurne,261953.75
Deux-Acren,340702.75
Dhuy,549000.0
Diegem,394128.3333333333
Diepenbeek,368384.7
Diest,387333.3333333333
Dikkebus,364000.0
Dikkelvenne,504059.0
Diksmuide,367227.2727272727
Dilbeek,465733.26666666666
Dilsen,225000.0
Dilsen-Stokkem,516991.6666666667
Dinant,307700.0
Dion,148000.0
Dison,196733.33333333334
Dochamps,296000.0
Doel,275000.0
Dohan,159000.0
Doische,323699.77777777775
Dolembreux,1063333.3333333333
Donceel,249000.0
Donstiennes,284499.5
Dottignies,335215.82608695654
Dour,196062.5
Drogenbos,366000.0
Drongen,536042.5
Duffel,426059.6052631579
Duinbergen,648214.2857142857
Duisburg,925000.0
Durbuy,476188.9
Dworp,420000.0
Ecaussinnes,298600.0
Edegem,430863.63636363635
Eeklo,351778.5714285714
Eernegem,169000.0
Eindhout,376750.0
Ekeren,318284.2105263158
Eksel,549000.0
Elewijt,503000.0
Ellezelles,512484.125
Ellignies-Sainte-Anne,399000.0
Elsene,695094.9626865672
Elverdinge,175000.0
Elversele,325000.0
Emblem,466238.3333333333
Embourg,435777.77777777775
Emelgem,399000.0
Ename,326333.3333333333
Enghien,550803.28
Engis,199525.0
Ensival,222333.33333333334
Eppegem,425000.0
Erembodegem,360656.25
Ernage,451800.0
Erpe,453522.3333333333
Erpe-Mere,551359.6666666666
Erpent,359500.0
Erps-Kwerps,524875.0
Erquelinnes,281224.5
Ertvelde,367633.3333333333
Escanaffles,149000.0
Esneux,276104.1666666667
Essen,495660.6666666667
Estaimbourg,357199.77777777775
Estaimpuis,360849.1666666667
Estinnes,432330.5
Estinnes-au-Mont,215000.0
Etterbeek,597317.7419354839
Eugies,455418.5
Eupen,249000.0
Everberg,686000.0
Evere,362925.5319148936
Evergem,403438.037037037
Faimes,350265.1666666667
Falaën,730750.0
Falisolle,313000.0
Falmignoul,398000.0
Familleureux,189000.0
Farciennes,182452.82352941178
Faulx-les-Tombes,408048.6666666667
Faymonville,289000.0
Fayt-lez-Manage,172999.5
Felenne,99000.0
Feluy,353333.0
Feneur,347500.0
Fernelmont,355000.0
Ferrières,332390.0
Fexhe-le-Haut-Clocher,352614.0
Filot,325000.0
Fize-Fontaine,214000.0
Flawinne,320000.0
Fleurus,245845.6923076923
Flobecq,715600.0
Floreffe,372603.8
Florennes,227959.5
Florenville,540000.0
Florée,155000.0
Flostoy,395000.0
Flémalle,295591.55
Flémalle-Grande,269000.0
Flénu,176600.0
Fléron,236833.33333333334
Folx-les-Caves,275000.0
Fontaine-l'Évêque,309345.0
Forchies-la-Marche,247582.61111111112
Forges,335080.0
Forville,895000.0
Forêt,220000.0
Fosses-la-Ville,498206.6666666667
Fraire,295000.0
Frameries,210389.3
Framont,189500.0
Francorchamps,449000.0
Franière,195000.0
Frasnes,185000.0
Frasnes-lez-Anvaing,599000.0
Frasnes-lez-Gosselies,372500.0
Froidchapelle,277624.9090909091
Froidmont,382280.6
Froyennes,750833.3333333334
Galmaarden,397000.0
Ganshoren,299620.0
Gaurain-Ramecroix,375885.14285714284
Gavere,375920.6956521739
Gedinne,343562.82352941175
Geel,337230.6935483871
Geer,316333.3333333333
Geetbets,410500.0
Gembloux,396772.7272727273
Genappe,398080.0
Genk,355327.77777777775
Genly,381969.5
Gent,457344.2148760331
Gentbrugge,476533.3333333333
Gentinnes,220000.0
Genval,668250.0
Geraardsbergen,372115.5888888889
Gerpinnes,344701.4736842105
Gesves,420602.75
Ghislenghien,511250.0
Ghlin,173000.0
Ghoy,369000.0
Gierle,449000.0
Gijzegem,358500.0
Gilly,169136.84210526315
Gimnée,265000.0
Gingelom,199000.0
Gistel,389264.51923076925
Givry,580000.0
Glabais,795000.0
Glain,206166.66666666666
Glons,330000.0
Godarville,184499.5
Godinne,357199.4
Goeferdinge,345000.0
Goesnes,467796.5
Gomzé-Andoumont,137000.0
Gooik,442000.0
Gooreind,612000.0
Gosselies,214107.0
Goutroux,213749.375
Gouvy,495000.0
Gouy-lez-Piéton,234369.75
Gozée,360908.5
Goé,152000.0
Grand-Hallet,460000.0
Grand-Halleux,460000.0
Grand-Leez,445000.0
Grand-Reng,240000.0
Grandrieu,369000.0
Grez-Doiceau,693278.275862069
Grimbergen,458919.5
Grimminge,368805.0
Grivegnée,222508.51063829788
Grobbendonk,330714.28571428574
Groot-Bijgaarden,430888.8888888889
Grote-Brogel,240000.0
Grâce-Berleur,250000.0
Grâce-Hollogne,267254.72222222225
Guigoven,399000.0
Gullegem,338833.3333333333
Gérouville,373000.0
Haacht,518975.0
Haaltert,325881.4117647059
Haasdonk,579000.0
Haasrode,357000.0
Habay,380000.0
Habay-la-Neuve,398000.0
Haccourt,261142.85714285713
Hacquegnies,595000.0
Haillot,310000.0
Haine-Saint-Paul,159499.75
Haine-Saint-Pierre,187817.63636363635
Hainin,375726.3333333333
Halanzy,262000.0
Halen,286154.28571428574
Hallaar,345000.0
Halle,360092.5925925926
Halma,289000.0
Ham,398333.3333333333
Ham-sur-Heure,403772.0
Ham-sur-Heure-Nalinnes,313500.0
Ham-sur-Sambre,299000.0
Hamipré,295000.0
Hamme,314959.7272727273
Hamme-Mille,1490000.0
Hamoir,335433.5416666667
Hamois,377701.3333333333
Hamont,255000.0
Hamont-Achel,443500.0
Han-sur-Lesse,259000.0
Handzame,293750.0
Hannut,313768.7826086957
Hansbeke,996000.0
Hanzinelle,197000.0
Hanzinne,340000.0
Harchies,135000.0
Harelbeke,487807.8
Haren,714500.0
Hargimont,209375.0
Harmignies,493000.0
Harzé,219000.0
Hasselt,359154.85714285716
Hastière,149666.66666666666
Hastière-Lavaux,135000.0
Haut-Fays,232500.0
Haut-Ittre,179000.0
Hautrage,288036.3333333333
Havay,370000.0
Havelange,317081.75
Havinnes,229000.0
Havré,395000.0
Hechtel,350636.4
Heer,293890.0
Heers,347000.0
Heffen,669000.0
Heist,560666.6666666666
Heist-op-den-Berg,380446.70588235295
Helchteren,179000.0
Helkijn,317500.0
Hemiksem,341875.0
Hennuyères,695000.0
Hensies,355000.0
Heppen,309000.0
Herbeumont,169000.0
Herent,455504.8181818182
Herentals,363970.34246575343
Herenthout,419333.3333333333
Herfelingen,497430.6
Herk-de-Stad,486333.3333333333
Hermalle-sous-Argenteau,351278.5714285714
Hermalle-sous-Huy,129000.0
Hermée,251833.33333333334
Herne,468562.3333333333
Herseaux,276640.0
Herselt,368300.0
Herstal,207179.4871794872
Herstappe,599000.0
Hertain,359000.0
Herve,424285.71428571426
Herzele,438582.8888888889
Heule,329000.0
Heure-le-Romain,162000.0
Heusden,363166.6666666667
Heusden-Zolder,385755.3191489362
Heusy,293800.0
Hever,670000.0
Heverlee,407823.5294117647
Hingene,285000.0
Hoboken,308958.3333333333
Hody,495000.0
Hoegaarden,170000.0
Hoeilaart,767870.8333333334
Hoeselt,314000.0
Hoevenen,399000.0
Hofstade,421000.0
Hogne,199000.0
Hognoul,296333.3333333333
Hollain,294267.0
Hollebeke,157500.0
Holsbeek,445000.0
Hombeek,515666.6666666667
Honnay,250000.0
Honnelles,437656.25
Hooglede,460934.4
Hoogstraten,345200.0
Horebeke,506997.25
Hornu,212500.0
Hotton,372000.0
Houdemont,326333.3333333333
Houdeng-Aimeries,197166.33333333334
Houdeng-Goegnies,205211.0
Houdremont,235000.0
Houffalize,286333.3333333333
Housse,155000.0
Houtain-Saint-Siméon,272800.0
Houtain-le-Val,195000.0
Houtaing,275000.0
Houthalen,275000.0
Houthalen-Helchteren,400496.875
Houthulst,365379.5
Houyet,291909.0909090909
Hove,414750.0
Huissignies,230000.0
Huizingen,327500.0
Huldenberg,541500.0
Hulshout,414414.8
Hulste,492000.0
Humbeek,906333.3333333334
Huy,259216.5
Hyon,243000.0
Hélécine,224333.33333333334
Hérinnes,239000.0
Héron,435000.0
Hévillers,507000.0
Ichtegem,367062.5
Iddergem,516000.0
Idegem,615666.6666666666
Ieper,326255.0
Incourt,487796.4
Ingelmunster,369232.85714285716
Irchonwelz,360000.0
Itegem,664009.3846153846
Itterbeek,625500.0
Ittre,569538.125
Ivoz-Ramet,239000.0
Izegem,263562.5
Izel,235000.0
Izier,299000.0
Jabbeke,404763.0
Jalhay,490583.3333333333
Jamagne,260000.0
Jambes,353531.25
Jandrain-Jandrenouille,640000.0
Jauche,349000.0
Jemappes,182142.85714285713
Jemelle,99000.0
Jemeppe,204161.11111111112
Jemeppe-Sur-Sambre,359755.25
Jette,295313.9534883721
Jodoigne,379918.56
Jumet,187572.3725490196
Jupille,223090.9090909091
Juprelle,392000.0
Jurbise,165666.66666666666
Kain,483454.54545454547
Kalken,652000.0
Kalmthout,516520.71428571426
Kampenhout,466187.6
Kapelle-op-den-Bos,325750.0
Kapellen,623008.5454545454
Kasterlee,553127.6666666666
Kaulille,474747.0
Keerbergen,812290.875
Kemzeke,448750.0
Kerkhove,399000.0
Kerksken,449000.0
Kermt,540000.0
Kessel,449251.5
Kessel-Lo,471500.0
Kieldrecht,245000.0
Kinrooi,258593.7857142857
Kluisbergen,242000.0
Knokke,1032000.0
Knokke-Heist,891866.6666666666
Kobbegem,199000.0
Koekelare,229917.33333333334
Koekelberg,287711.1111111111
Koersel,427739.1304347826
Koksijde,389991.35
Koningshooikt,579750.0
Kontich,401250.0
Kortemark,385487.5
Kortenberg,517937.5
Kortessem,279666.6666666667
Kortijs,298000.0
Kortrijk,414598.9428571428
Kraainem,1120283.8709677418
Kruibeke,667750.0
Kruishoutem,574707.0
Kuringen,299650.0
Kuurne,359000.0
La Bouverie,165000.0
La Bruyère,375000.0
La Glanerie,400000.0
La Gleize,490000.0
La Hestre,209076.76923076922
La Hulpe,651272.7272727273
La Louvière,223433.1224489796
La Reid,235000.0
La Roche-en-Ardenne,354000.0
Laakdal,359067.85714285716
Laarne,343200.0
Labuissière,391817.6666666667
Lacuisine,459000.0
Ladeuze,295000.0
Laken,361231.4931506849
Lamain,729000.0
Lambermont,251100.0
Lambusart,267500.0
Lamine,225000.0
Lamorteau,150000.0
Lanaken,506750.0
Lanaye,241500.0
Landen,250000.0
Laneffe,193500.0
Langdorp,295000.0
Langemark,342000.0
Langemark-Poelkapelle,361445.0
Laplaigne,233400.0
Lasne,776667.088888889
Latinne,449000.0
Lauwe,295583.3333333333
Lavaux-Sainte-Anne,895000.0
Lavoir,250000.0
Le Mesnil,120000.0
Le Roeulx,383111.1111111111
Le Roux,339000.0
Lebbeke,514666.6666666667
Lede,440734.59523809527
Ledeberg,331000.0
Ledegem,321333.3333333333
Leefdaal,482000.0
Leernes,354175.6666666667
Leers-Nord,310000.0
Leers-et-Fosteau,349999.0
Leest,565000.0
Leeuwergem,372448.0
Lembeek,278599.6
Lembeke,607000.0
Lendelede,439666.6666666667
Lennik,474000.0
Lens,448820.0
Lens-Saint-Remy,465000.0
Leopoldsburg,355842.1052631579
Les Bons Villers,395112.55555555556
Les Bulles,229000.0
Les Hayons,325000.0
Lesdain,180000.0
Lessines,435368.6
Lessive,750000.0
Lesterny,290000.0
Leupegem,348750.0
Leuven,475306.4516129032
Leuze-en-Hainaut,191997.0
Leval-Chaudeville,175000.0
Leval-Trahegnies,189666.33333333334
Libin,309000.0
Libramont-Chevigny,302400.0
Lichtaart,464250.0
Lichtervelde,389000.0
Liedekerke,431491.86666666664
Liege,270888.39184952975
Lier,322205.328125
Lierde,579277.7777777778
Lierneux,306000.0
Liers,295000.0
Lievegem,356316.6666666667
Ligne,365000.0
Ligny,240000.0
Lille,452350.0
Lillois-Witterzée,689000.0
Limal,365000.0
Limbourg,341800.0
Limelette,598333.3333333334
Lincent,339377.6666666667
Linden,1395000.0
Linkebeek,704500.0
Lint,416961.0
Lippelo,280000.0
Lissewege,596900.0
Lixhe,460000.0
Lo-Reninge,139000.0
Lobbes,342653.3333333333
Lochristi,530135.45
Lodelinsart,201249.83333333334
Lokeren,416812.2
Lombardsijde,401425.0
Lombise,420000.0
Lommel,368152.125
Loncin,346399.8
Londerzeel,598142.8571428572
Longlier,249000.0
Longueville,249000.0
Lontzen,249000.0
Lonzée,395000.0
Loonbeek,737500.0
Loppem,363000.0
Lot,459000.0
Louvain-la-Neuve,415250.0
Louveigné,422500.0
Lovendegem,445017.0
Loverval,252000.0
Lubbeek,815000.0
Luingne,283857.14285714284
Lummen,342125.0
Luttre,307666.6666666667
Léglise,348500.0
Maarkedal,439000.0
Maaseik,489000.0
Maasmechelen,368550.0
Machelen,426939.8
Macon,256454.33333333334
Macquenoise,383980.0
Maffle,490000.0
Maisières,185000.0
Maissin,192000.0
Maldegem,362000.0
Malderen,460000.0
Malle,490304.05
Malmedy,335355.10204081633
Malonne,406068.22222222225
Manage,251477.33333333334
Manhay,409666.6666666667
Marbais,304615.3846153846
Marche-en-Famenne,406830.4347826087
Marche-lez-Écaussinnes,275000.0
Marchienne-au-Pont,174058.75
Marchin,345834.6923076923
Marcinelle,189328.42857142858
Marcourt,99000.0
Mariakerke,449825.0
Mariembourg,147000.0
Marilles,225000.0
Marke,906625.0
Marquain,400000.0
Martelange,375333.3333333333
Masnuy-Saint-Pierre,425000.0
Massemen,636768.5
Massenhoven,695000.0
Matagne-la-Grande,205000.0
Maurage,281754.77777777775
Mazenzele,409000.0
Mazy,325000.0
Mechelen,439342.1052631579
Mechelen-aan-de-Maas,399000.0
Meeffe,179500.0
Meer,499000.0
Meerbeke,282000.0
Meerdonk,190000.0
Meerhout,350466.6666666667
Meerle,595000.0
Meise,630670.8571428572
Meix-devant-Virton,275000.0
Meix-le-Tige,445000.0
Meldert,485000.0
Melen,162000.0
Melle,394500.0
Mellet,227000.0
Mellier,220000.0
Menen,275329.1666666667
Merbes-le-Château,189000.0
Merchtem,492274.9142857143
Merdorp,231666.66666666666
Mere,274000.0
Merelbeke,585883.3333333334
Merksem,283046.0317460318
Merksplas,529000.0
Merlemont,275000.0
Messancy,418571.4285714286
Mettet,494138.73333333334
Meulebeke,376723.0
Meux,434333.3333333333
Michelbeke,436166.6666666667
Micheroux,215000.0
Middelkerke,243816.66666666666
Milmort,271330.0
Minderhout,349000.0
Modave,288987.54545454547
Moelingen,296666.6666666667
Moen,325000.0
Moerbeke,189000.0
Moerbeke-Waas,332700.0
Moha,115000.0
Moignelée,174000.0
Mol,380015.76666666666
Molenbaix,239000.0
Molenbeek-Wersbeek,389000.0
Molenbeersel,798000.0
Molenstede,305000.0
Momignies,367633.3333333333
Monceau-sur-Sambre,219047.0
Mons,283857.14285714284
Mons-Lez-Liège,165000.0
Monstreux,699000.0
Mont,729500.0
Mont-Saint-André,585000.0
Mont-Saint-Aubert,719333.3333333334
Mont-Saint-Guibert,395384.53846153844
Mont-Sainte-Aldegonde,409070.0
Mont-de-l'Enclus,472750.0
Mont-sur-Marchienne,250930.48
Montegnée,206500.0
Montignies-sur-Roc,160000.0
Montignies-sur-Sambre,178222.07407407407
Montigny-le-Tilleul,263668.53846153844
Moorsel,302000.0
Moorsele,495000.0
Moorslede,150000.0
Moregem,395000.0
Morialmé,127500.0
Morkhoven,487000.0
Morlanwelz,273363.63636363635
Morlanwelz-Mariemont,165000.0
Mortroux,432500.0
Mortsel,318568.9655172414
Mourcourt,356746.5714285714
Mouscron,271111.0
Moustier-Sur-Sambre,247500.0
Mouzaive,640000.0
Muizen,434000.0
Munsterbilzen,217500.0
Musson,365000.0
Mussy-la-Ville,600000.0
Méan,472500.0
Mélin,847500.0
Naast,352500.0
Nalinnes,431000.0
Namur,311172.4137931034
Namêche,165000.0
Nandrin,488436.8333333333
Naninne,407394.0
Nassogne,546800.0
Nazareth,628008.5
Neder-Over-Heembeek,382060.8125
Nederhasselt,464000.0
Neerheylissem,387000.0
Neerijse,725000.0
Neeroeteren,553500.0
Neerpelt,352000.0
Neigem,348000.0
Nessonvaux,176000.0
Nettinne,424438.3333333333
Neufchâteau,254571.42857142858
Neufmaison,301950.0
Neufvilles,420759.5
Neupré,493440.0
Neuville,269250.0
Neuville-en-Condroz,480833.3333333333
Nevele,416425.0
Niel,338456.2
Niel-bij-As,339000.0
Nieuwenhove,335000.0
Nieuwerkerken,309000.0
Nieuwkerke,604500.0
Nieuwkerken-Waas,284000.0
Nieuwpoort,329241.9032258064
Nijlen,439011.95454545453
Nil-Saint-Vincent-Saint-Martin,466333.3333333333
Nimy,309333.3333333333
Ninove,445266.92307692306
Nismes,225000.0
Nivelles,336412.5
Nodebais,374000.0
Noduwez,195000.0
Noiseux,345000.0
Noorderwijk,413113.45454545453
Nossegem,523000.0
Nothomb,230000.0
Noville-les-Bois,265000.0
Nukerke,800000.0
Néchin,263777.77777777775
Obourg,364250.0
Ocquier,292500.0
Oekene,279000.0
Oelegem,494333.3333333333
Oetingen,395796.0
Oevel,271166.6666666667
Offagne,160000.0
Ogy,422229.0
Ohey,350786.8888888889
Oignies-En-Thiérache,279000.0
Oisquercq,451666.6666666667
Olen,522107.14285714284
Oleye,483412.3333333333
Olmen,399000.0
Olne,414666.6666666667
Olsene,473000.0
On,159000.0
Onnezies,110000.0
Onze-Lieve-Vrouw-Waver,603002.6666666666
Ooigem,346875.0
Oordegem,640000.0
Oostakker,381842.1052631579
Oostduinkerke,394234.5
Oostende,320230.28985507245
Oosterzele,734291.25
Oostkamp,450850.0
Oostmalle,407400.0
Oostnieuwkerke,395400.0
Opglabbeek,442000.0
Opgrimbie,225000.0
Ophain-Bois-Seigneur-Isaac,866000.0
Opwijk,450231.0
Orcq,549000.0
Oreye,388509.5
Ormeignies,290000.0
Orp-Jauche,436786.23529411765
Orp-le-Grand,387108.1304347826
Orroir,277500.0
Ortho,95000.0
Ostiches,250000.0
Otegem,362000.0
Ottignies,326971.77777777775
Ottignies-Louvain-la-Neuve,471500.0
Oud-Heverlee,513666.6666666667
Oud-Turnhout,346692.3076923077
Oudenaarde,526893.75
Oudenaken,299000.0
Oudenburg,510000.0
Oudergem,565415.7303370787
Oudsbergen,397000.0
Ouffet,394053.5
Ougrée,170117.64705882352
Oupeye,299376.1904761905
Outer,584000.0
Ouwegem,486089.0
Overboelare,389000.0
Overijse,704353.8461538461
Overpelt,374000.0
PHILIPPEVILLE,306435.55555555556
Paal,477857.14285714284
Paliseul,229250.0
Parike,532695.0
Passendale,205000.0
Pecq,396487.5
Peer,449000.0
Pellaines,549000.0
Pellenberg,824500.0
Pelt,362400.0
Pepingen,448334.5
Pepinster,222111.11111111112
Perwez,256625.0
Petit-Enghien,882500.0
Petit-Hallet,125000.0
Petit-Rechain,423951.4
Petit-Roeulx-lez-Braine,545000.0
Petit-Thier,229000.0
Pipaix,187000.0
Pittem,364377.05263157893
Piéton,159000.0
Piétrain,980000.0
Plainevaux,420500.0
Ploegsteert,524000.0
Plombières,158000.0
Poederlee,336250.0
Pollare,499000.0
Pommeroeul,614750.0
Pont-de-Loup,226999.33333333334
Pont-à-Celles,311306.5652173913
Poperinge,179500.0
Poppel,228000.0
Presles,344500.0
Profondeville,492800.0
Pry,700000.0
Pulderbos,449000.0
Putte,489302.63636363635
Puurs,605952.8333333334
Puurs-Sint-Amands,340000.0
Pâturages,173333.33333333334
Péronnes,299666.6666666667
Péruwelz,209859.875
Quaregnon,173444.44444444444
Quenast,195000.0
Queue-du-Bois,357000.0
Quevaucamps,182500.0
Quiévrain,179875.0
Quévy,443933.0
Rachecourt,137000.0
Ramegnies,389186.0
Ramegnies-Chin,192500.0
Ramillies,362750.0
Ramillies-Offus,325000.0
Ramsel,165000.0
Ramskapelle,895000.0
Rance,369296.3333333333
Ransart,244707.38095238095
Ranst,457201.8888888889
Ravels,392187.5
Rebecq,425270.8333333333
Recht,284333.3333333333
Rekem,722666.6666666666
Rekkem,272125.0
Relegem,494772.7272727273
Remersdaal,420000.0
Remicourt,252666.66666666666
Rendeux,498000.0
Renlies,270000.0
Ressaix,294666.6666666667
Ressegem,149000.0
Retie,523889.3
Retinne,356000.0
Rhisnes,219500.0
Richelle,415000.0
Riemst,320500.0
Rijkevorsel,361214.28571428574
Rijmenam,175000.0
Rillaar,325000.0
Rixensart,605121.9512195121
Rièzes,167500.0
Robertville,532000.0
Rochefort,293428.2121212121
Roclenge-sur-Geer,385000.0
Roesbrugge-Haringe,206404.0
Roeselare,335017.1724137931
Roisin,275000.0
Roly,180000.0
Romedenne,259500.0
Romsée,339085.5294117647
Rongy,290000.0
Ronse,343520.2463768116
Roosdaal,383657.5
Rosières,678698.0
Rosoux-Crenwick,535000.0
Rotselaar,507653.3333333333
Roucourt,250000.0
Roux,180777.66666666666
Rozebeke,532578.0
Ruddervoorde,416683.0
Ruisbroek,470100.0
Rumillies,400000.0
Rumst,383388.14285714284
Rutten,325000.0
Saint-André,395000.0
Saint-Aubin,175000.0
Saint-Georges-sur-Meuse,413375.0
Saint-Ghislain,247800.0
Saint-Hubert,414577.77777777775
Saint-Jean-Geest,425000.0
Saint-Léger,360000.0
Saint-Marc,425000.0
Saint-Mard,208500.0
Saint-Martin,420000.0
Saint-Nicolas,193420.0
Saint-Remy,257000.0
Saint-Sauveur,297250.0
Saint-Servais,227300.0
Saint-Symphorien,389000.0
Saint-Vith,343750.0
Sainte-Cécile,375000.0
Sainte-Ode,1895000.0
Saintes,465000.0
Saive,472000.0
Sambreville,280328.6666666667
Sars-la-Bruyère,140000.0
Sars-la-Buissière,389187.0
Sart-Custinne,345000.0
Sart-Dames-Avelines,375000.0
Sart-Saint-Laurent,389000.0
Sautour,247000.0
Sauvenière,449000.0
Schaarbeek,430055.86854460096
Schelle,450750.0
Schellebelle,285000.0
Schepdaal,268500.0
Scherpenheuvel,242000.0
Scherpenheuvel-Zichem,319500.0
Schilde,664928.4
Schorisse,650000.0
Schoten,495946.63636363635
Schriek,504128.0
Sclayn,231333.33333333334
Seilles,407500.0
Seloignes,328561.6666666667
Seneffe,479666.6666666667
Seraing,200399.97297297296
Serskamp,414754.0
Sibret,730000.0
Sijsele,394820.6666666667
Silenrieux,139000.0
Silly,583333.3333333334
Sinaai,351000.0
Sinsin,369223.5
Sint-Agatha-Rode,610000.0
Sint-Amands,467889.5
Sint-Amandsberg,383875.0
Sint-Andries,373561.53846153844
Sint-Baafs-Vijve,550000.0
Sint-Blasius-Boekel,269000.0
Sint-Denijs,150000.0
Sint-Denijs-Boekel,435000.0
Sint-Denijs-Westrem,412611.25
Sint-Eloois-Vijve,476600.0
Sint-Genesius-Rode,877000.0
Sint-Gillis,435609.756097561
Sint-Gillis-Waas,511857.14285714284
Sint-Gillis-bij-Dendermonde,278000.0
Sint-Idesbald,693500.0
Sint-Jans-Molenbeek,266100.7874015748
Sint-Job-in-'t-Goor,542200.0
Sint-Joost-ten-Node,456064.51612903224
Sint-Joris-Weert,495000.0
Sint-Joris-Winge,225000.0
Sint-Katelijne-Waver,641200.0
Sint-Katherina-Lombeek,423500.0
Sint-Kruis,308996.3333333333
Sint-Lambrechts-Woluwe,581676.2557077626
Sint-Laureins,404000.0
Sint-Lievens-Houtem,460045.5
Sint-Maria-Oudenhove,461153.1666666667
Sint-Martens-Latem,578846.1538461539
Sint-Martens-Lierde,546353.0
Sint-Michiels,519760.0
Sint-Niklaas,343759.6153846154
Sint-Pauwels,710750.0
Sint-Pieters-Kapelle,465000.0
Sint-Pieters-Leeuw,506963.43902439025
Sint-Pieters-Woluwe,792021.2765957447
Sint-Truiden,446781.2380952381
Sirault,306843.0
Sivry,230000.0
Sivry-Rance,355500.0
Sleidinge,409000.0
Slins,302739.6666666667
Sohier,359000.0
Soignies,367242.14285714284
Soiron,550000.0
Solre-Saint-Géry,299000.0
Sombreffe,340737.5
Somme-Leuze,320971.0
Somzée,349000.0
Sorinnes,210000.0
Sougné-Remouchamps,251000.0
Soulme,229000.0
Soumagne,266818.1818181818
Soumoy,140000.0
Souvret,227514.0
Soy,1500000.0
Spa,381627.75
Spiennes,255000.0
Spiere-Helkijn,335000.0
Sprimont,294564.70588235295
Stabroek,453388.5
Staden,574833.3333333334
Stambruges,690000.0
Stavelot,314130.4347826087
Steendorp,525000.0
Steenhuffel,431400.0
Steenkerque,830000.0
Steenokkerzeel,642400.0
Stekene,419202.61904761905
Stembert,271200.0
Sterrebeek,962761.9047619047
Stokkem,170000.0
Stoumont,506333.3333333333
Strombeek-Bever,253583.33333333334
Strée,359200.0
Strépy-Bracquegnies,214181.81818181818
Sugny,270000.0
Taintignies,354646.4
Tamines,378999.8
Tarcienne,327000.0
Tavier,209500.0
Tellin,395000.0
Templeuve,431818.1818181818
Temploux,448500.0
Temse,284631.5789473684
Tenneville,399000.0
Teralfene,249000.0
Ternat,432672.54545454547
Tertre,238800.0
Tervuren,684666.9230769231
Tessenderlo,308666.6666666667
Testelt,559000.0
Theux,507076.92307692306
Thieu,329000.0
Thimister-Clermont,410750.0
Thorembais-Saint-Trond,300000.0
Thoricourt,899000.0
Thuillies,219999.0
Thuin,287256.4285714286
Thulin,147500.0
Thumaide,349900.0
Thy-le-Bauduin,219000.0
Thy-le-Château,412799.8333333333
Thynes,298000.0
Tiegem,329000.0
Tielen,309000.0
Tielt,470250.0
Tielt-Winge,464666.6666666667
Tienen,229285.7142857143
Tihange,199000.0
Tilff,348000.0
Tilleur,142000.0
Tilly,675000.0
Tinlot,427326.8
Tintigny,257500.0
Tisselt,329000.0
Tollembeek,399000.0
Tongeren,248142.85714285713
Tongerlo,472250.0
Tongrinne,95000.0
Torgny,209000.0
Torhout,299000.0
Tourinnes-Saint-Lambert,425000.0
Tournai,293963.9411764706
Trazegnies,202368.15789473685
Tremelo,623545.4545454546
Trivières,315666.6666666667
Trois-Ponts,284300.0
Trooz,230781.0810810811
Tubize,321863.61818181816
Turnhout,299996.26666666666
Ukkel,727719.696969697
Vance,770000.0
Varendonk,268500.0
Vaulx,301000.0
Vaux-et-Borset,119000.0
Vaux-sous-Chèvremont,223416.66666666666
Vaux-sur-Sûre,315000.0
Vedrin,538000.0
Veerle,384250.0
Velaine-sur-Sambre,329000.0
Velaines,347000.0
Veldegem,269000.0
Veldwezelt,399000.0
Vencimont,1116500.0
Verlaine,370466.6666666667
Verviers,224499.9846153846
Veurne,240000.0
Vezin,364500.0
Vezon,349000.0
Viane,146500.0
Vielsalm,211333.33333333334
Viesville,449000.0
Vieux-Genappe,264666.6666666667
Ville-Pommeroeul,1154666.6666666667
Villers-Poterie,140000.0
Villers-Saint-Amand,90000.0
Villers-l'Évêque,645000.0
Villers-la-Ville,534980.6428571428
Villers-le-Bouillet,310774.5
Villers-le-Gambon,250000.0
Villers-le-Peuplier,399000.0
Villers-le-Temple,312250.0
Villers-sur-Semois,649000.0
Vilvoorde,420637.1875
Vinalmont,1575000.0
Vinderhoute,409750.0
Virelles,142000.0
Virginal-Samme,695000.0
Viroinval,127000.0
Virton,327208.3333333333
Visé,310690.4761904762
Vitrival,280057.25
Vivegnis,273707.14285714284
Vlamertinge,174000.0
Vlezenbeek,487000.0
Vliermaal,189000.0
Vlimmeren,569000.0
Vodecée,205000.0
Vodelée,220000.0
Vonêche,192500.0
Voormezele,299000.0
Voroux-lez-Liers,149000.0
Vorselaar,442107.14285714284
Vorst,450481.6506024096
Vosselaar,403642.85714285716
Vottem,234000.0
Vrasene,412000.0
Vremde,255000.0
Vresse-sur-Semois,119000.0
Vyle-et-Tharoul,1200000.0
Waarbeke,298000.0
Waardamme,415871.625
Waarloos,559000.0
Waarschoot,265500.0
Waasmunster,511571.4285714286
Wachtebeke,316000.0
Wagnelée,315000.0
Waha,203500.0
Waimes,455466.6666666667
Wakken,525000.0
Walcourt,260777.77777777778
Walhain,673800.0
Walhain-Saint-Paul,485000.0
Wambeek,649000.0
Wanfercée-Baulet,348500.0
Wanlin,272000.0
Wanze,298000.0
Warcoing,130000.0
Waregem,477682.45454545453
Waremme,348468.4285714286
Waret-l'Évêque,374000.0
Warneton,199000.0
Warsage,358333.3333333333
Wasmes,158750.0
Wasmuel,135000.0
Wasseiges,394827.75
Waterloo,655295.2380952381
Watermaal-Bosvoorde,645370.3703703703
Watervliet,195000.0
Waudrez,275000.0
Waulsort,336500.0
Wauthier-Braine,309000.0
Wavre,470704.0816326531
Wavreille,159000.0
Wechelderzande,365580.0
Weelde,458200.0
Weerde,584250.0
Wegnez,187000.0
Welkenraedt,257500.0
Welle,378475.0
Wellen,276210.0
Wellin,264500.0
Wemmel,581500.0
Wenduine,222000.0
Werbomont,527500.0
Werchter,528000.0
Wervik,207965.5
Westende,299193.5483870968
Westerlo,418954.3703703704
Westmalle,449900.0
Westmeerbeek,424666.6666666667
Westouter,178500.0
Westrem,537676.0
Westrozebeke,362985.75
Wetteren,399643.2368421053
Wevelgem,262904.0
Wezemaal,749000.0
Wezembeek-Oppem,739266.6666666666
Wibrin,715000.0
Wichelen,377044.1111111111
Wiekevorst,635000.0
Wielsbeke,381623.7272727273
Wierde,395328.0
Wiers,262600.0
Wihéries,171666.66666666666
Wijchmaal,345000.0
Wijgmaal,370000.0
Wijnegem,444980.0
Willebroek,359691.8181818182
Willemeau,115000.0
Wilrijk,347035.48387096776
Wilsele,295000.0
Wingene,384907.5
Woesten,199000.0
Woluwe-saint-Etienne,510000.0
Wolvertem,487533.71428571426
Wommelgem,427071.8888888889
Wonck,175000.0
Wondelgem,374202.2916666667
Wortegem-Petegem,1131500.0
Wulvergem,99000.0
Wuustwezel,499010.3333333333
Wépion,397966.6666666667
Wéris,175000.0
Xhoris,396000.0
Yves-Gomezée,190800.0
Yvoir,396571.4285714286
Zaffelare,414285.71428571426
Zandbergen,479000.0
Zandhoven,475587.0
Zarren,395941.5
Zaventem,389437.5
Zedelgem,416841.76923076925
Zeebrugge,427833.3333333333
Zele,333000.0
Zelem,255500.0
Zellik,351200.0
Zelzate,402000.0
Zemst,522142.85714285716
Zeveneken,349000.0
Zillebeke,362000.0
Zoerle-Parwijs,410000.0
Zoersel,548510.8571428572
Zolder,344950.0
Zomergem,537000.0
Zonhoven,415505.375
Zonnebeke,364597.0
Zottegem,360320.4736842105
Zoutleeuw,364500.0
Zulte,345900.0
Zutendaal,274250.0
Zwalm,466500.0
Zwevegem,336745.5
Zwevezele,255000.0
Zwijnaarde,486104.93333333335
Zwijndrecht,652658.5
Zétrud-Lumay,375000.0
s-Gravenvoeren,450000.0
s-Gravenwezel,1395000.0
Ère,199000.0
Ében-Émael,150000.0
Écaussinnes-Lalaing,875000.0
Écaussinnes-d'Enghien,200000.0
Éghezée,423750.0
Élouges,191666.66666666666
Énines,145000.0
Épinois,224579.8
Éprave,225000.0
Érezée,215666.66666666666
Étalle,325000.0
